vNom,vTel,vVille,vPrenom,vAdresse,vTelFixe,vMotDePasse,vCodePostal,vEmailPerso,vTelPortable,vCommentaire
<blank>,<blank>,aix en provence,berengier,<blank>,<blank>,b6e6fc0f837d9f05d2087f99a0653aac,13090,paca.pizza@free.fr,NULL,<blank>
<blank>,<blank>,<blank>,Magali CHEVILLON,<blank>,<blank>,2c432581b457a318ca4f89ef83106f2c,78190,chevilm@dominos.com,NULL,<blank>
<blank>,0298490175,brest,Caroline Vitry,rue pierre mac orlan - appt,0298490175,3d8fc67ad90dea40a4c7646afaa929eb,29200,vcristal@hotmail.fr,NULL,Ă\x83\xc2\xa0 gauche en sortant de l'ascenceur
<blank>,<blank>,auxonne,stĂŠphanie Zitoun,pont de pierre,0685516509,76c7b44b784f3b63322f8d93ff03ad28,21130,steph21_49@hotmail.com,NULL,<blank>
<blank>,<blank>,<blank>,Corinne MATTHISS,<blank>,<blank>,43a51759068661e09e9748b79c19a4d8,67000,c_matthiss@yahoo.fr,NULL,<blank>
<blank>,<blank>,levallois,ARMIRAIL,22 allee claude monet,0147571732,e9ccb0dc028bb68d108c3e92ed2c59f3,92300,slashhome@tiscali.fr,NULL,<blank>
<blank>,<blank>,AMIENS,DorothĂŠe MAKAREWICZ,74/16 BLD DU CANGE,0322720699,b9ee0948af9e066e7ee66f97928fff70,80000,dorothee.makarewicz@u-picardie.fr,NULL,<blank>
<blank>,<blank>,<blank>,arnaud,<blank>,<blank>,cb8c8b240a68c4517406f68f10446cf8,74600,arnge@aol.com,NULL,<blank>
<blank>,<blank>,<blank>,jean,<blank>,<blank>,31617644e29ee6b500e0a6a7fa1726ea,75018,dinossaure@hotmail.com,NULL,<blank>
<blank>,<blank>,Lyon,Romuald/ADELER,327 rue Paul Bert,0689273927,04f64ea00f67065c75190cfad92b93e5,69003,tanathos29@hotmail.com,NULL,<blank>
<blank>,<blank>,RENNES,franĂ\xa7oise BLAIN,38 boulevard charles PEGUY,0299383074,857e86205ca452bb764bde3b00ac979e,35700,francoise-blain@wanadoo.fr,NULL,<blank>
<blank>,<blank>,Paris,Christophe Delong,55-57 Avenue ThĂŠophile Gautier,0660996633,5316d0014937d11ab5c7b7f50e5bb307,75016,cdelong@noos.fr,NULL,<blank>
<blank>,<blank>,LESIGNY,FIASTRE Robert,61 Av d'esbly,0660069406,799386f2acd83fa11c50a45a9f2fca51,77150,robert@fiastre.com,NULL,<blank>
<blank>,<blank>,MONTROUGE,LE BERRE Yann,131 avenue Pierre Brossolette,0146541931,a9b493037aed67df70e59150fd777a7c,92120,chrisyanlb@numericable.fr,NULL,<blank>
<blank>,<blank>,Parthenay,Mohamed Aztout,18 rue Paul Grouanne,0622848488,5222f0282d73695a6a3ef8dda6d3dd10,79200,AZTOITMO@cc-parthenay.fr,NULL,<blank>
<blank>,<blank>,<blank>,patricia lucas,<blank>,<blank>,8251e828d34bcf117d96472cb35ecd8c,29200,colombe23a@yahoo.fr,NULL,<blank>
<blank>,<blank>,BesanĂ\xa7on,Raphael GIRAUD,4 rue du clos Munier,0381500715,e7a463d7a5c1c54f7d544f7f3cd1dbdf,25000,giraudra@wanadoo.fr,NULL,<blank>
<blank>,<blank>,<blank>,Yann GIRARD,<blank>,<blank>,94c2885d4703acbabde0cda81225be10,75012,ygi74@yahoo.fr,NULL,<blank>
<blank>,<blank>,PARIS,SMADJA NELLY,4 RUE DES PARTANTS,0620212449,7ceed13bf6f9508b071056da91e9fb7b,75020,SMADJANELLY@WANADOO.FR,NULL,<blank>
<blank>,<blank>,<blank>,couchman-lefort,<blank>,<blank>,e113e567d9deed5332e603dd4aab1d04,44000,linda.lefort@free.fr,NULL,<blank>
<blank>,<blank>,Rennes,Florent VAUGHAN,28 rue de Chateaugiron,0679780127,1a66d9120d5483a52900105278a0cf43,35000,florent@vaughan.fr,NULL,<blank>
<blank>,<blank>,<blank>,Martial Rufflet,<blank>,<blank>,86952f649b41b560ef5c2d19f6e131df,34090,celine-martial@wanadoo.fr,NULL,<blank>
<blank>,<blank>,Versailles,Mingasson,1 bis rue Antoine Richard,0139501379,c9ad21feb9f994ad702be0037e675c27,78000,philming@libertysurf.fr,NULL,<blank>
<blank>,<blank>,<blank>,Sylvain de Gaalon,<blank>,<blank>,6745ccdf638aa5bc209a596534af6838,44100,sylvain.degaalon@free.fr,NULL,<blank>
baumard,0478584457,lyon,evelyne,60 rue rachais,0478584457,9f098dc2a7585dbc2a46f16e131c8a35,69007,cab69@wanadoo.fr,<blank>,BAUMARD
<blank>,<blank>,<blank>,Christophe Vandeput,<blank>,<blank>,8d1680ac63b535498580e7cd2a49d63c,78960,vandepc@hotmail.com,NULL,<blank>
PINCHENET,<blank>,saint herblain,Didier,42 avenue des thĂŠbaudiĂ\xa8res,0251786440,bb4fdb0b684c9c79685bfebc07fe2cab,44800,didier.pinchenet@free.fr,0673947369,<blank>
Maiquez,<blank>,<blank>,David,<blank>,0616250414,f4d2c9db2bdc886e5f921f12b8480f8e,30000,chouetteryu@gmail.com,NULL,<blank>
<blank>,<blank>,<blank>,RICHARD HĂŠlĂ\xa8ne,<blank>,<blank>,1586338a5b6935e38d8d1a39da79b803,49100,hrichard8@yahoo.fr,NULL,<blank>
<blank>,<blank>,AsniĂ\xa8res,ClĂŠmence Gibert,20 rue des Jardins,01 41 11 6,070ec7f8018a3ba3418c36c0bef680ef,92600,c.gibert@k-agency.com,NULL,<blank>
FRUMINET,<blank>,cergy,AngĂŠlique ,27 avenue jean bart,0130735548,5ce26ebd2c80271de6fb103c080c2f58,95000,fruminan@ct6.cic.fr,0624838234,<blank>
<blank>,<blank>,Rennes,Emilie Guerche,"1, square Pierre Merlat",0299632857,3ca2b01601679de97a3f57abe0dfb1d6,35700,EmilieGuerche@hotmail.com,NULL,<blank>
Dreidemy,0,Strasbourg,Thomas,8 rue Frederic,0612665059,9ce44f88a25272b6d9cbb430ebbcfcf1,67100,maykelstone@free.fr,<blank>,0
<blank>,<blank>,Strasbourg,William Bonnaud,"622d 12, Rue Charles Gerhardt",0613651338,d543c8007ea595ea27068fa3ef35df54,6700,william_bonnaud@hotmail.com,NULL,<blank>
<blank>,<blank>,Montpellier,CĂŠdric CHAMPENOIS,"RES Cevennes - BAT J2 - 949, av Louis Ravas",<blank>,461ec740457a7aac78cdbf93401e240b,34080,cedric@manobi.net,NULL,<blank>
de Velp,0177192721,Paris,Axel,187 rue Belliard,0609528014,a7528da7754566e2b3d225aeb163c5d5,75018,velpaxl@noos.fr,<blank>,"porte Ă\x83\xc2\xa0 droite de l'escalier, taper Ă\x83\xc2\xa0 la porte"
taffanel,<blank>,issy les moulineaux,francine,2 rue eliane jeannin garreau,0146441824,2cd170dfc86765bfb19dcf20ecb10051,92130,taffanel@club-internet.fr,<blank>,<blank>
<blank>,<blank>,saint-maurice,bĂŠatrice lude,"1, rue du val d'osne",0143766794,30ceff9441ffc137bb18c0f350bd05c6,944410,lovetans972@yahoo.fr,NULL,<blank>
<blank>,<blank>,bordeaux,barrera,46 rue leberthon appt 12,0677150484,cd04046f87f1893bf555623188d619e2,33000,metalgaia@yahoo.fr,NULL,<blank>
<blank>,<blank>,Brest,Jean-Philippe JACQUET,61 ter rue Massillon,0298442643,5a375ba6673a4edbe83eca7bd25db84a,29200,jpj38@wanadoo.fr,NULL,<blank>
<blank>,<blank>,Paris,Jacques Reboh,3 rue Mechain,0143361100,beae00ea3ed0217c935dc751ad949e96,75014,jrb01@noos.fr,NULL,<blank>
<blank>,<blank>,PARIS,TRANSLEBANON,40 RUE LA BOETIE,0145636375,7f087d5448dff90a3ea5bd4af00c709b,75008,TRANSLEBANON@WANADOO.FR,NULL,<blank>
<blank>,<blank>,Toulouse,charlotte jeanmougin,105 avenue de Castres,<blank>,2ef88b67ba647d560b0f90b070f19e73,31500,charlottejeanmougin@hotmail.com,NULL,<blank>
<blank>,<blank>,NANTES,yannick thomas,3 allĂŠe paul le drogo,0240523597,40feddd68f048004b4303264a65667e8,44300,thorny@laposte.net,NULL,<blank>
<blank>,<blank>,<blank>,Sylvie PIERLOT,<blank>,<blank>,1b55cfd6b2932207f07cd51a809191c7,92200,sylvie.pierlot@jcdecaux.fr,NULL,<blank>
<blank>,<blank>,courbevoie,alexandre da silva,112 boulevard de verdun,0603485480,20465005d778ec8c44f9bfe4d0f6af68,92400,alexandredasilva@wanadoo.Fr,NULL,<blank>
<blank>,<blank>,paris,motteau,69 rue de varenne,0142755688,38a1814ac84a41633f38f50503bed2a0,75007,sandrine.sozner@ddmedias.pm.gouv.fr,NULL,<blank>
<blank>,<blank>,PARIS,charles CHARLES-CATHERINE,5 rue du Dr Jacquemaire ClĂŠmenceau,0156361703,0b939cc3b48422edbcea1f797b10aada,75015,charlygod@free.fr,NULL,<blank>
<blank>,<blank>,brest,el assri abdel,1 rue gustave charpentier,0627192780,9e92574602fc31c0fdad19798e193314,29200,abdel752000@yahoo.fr,NULL,<blank>
<blank>,<blank>,Toulouse,StĂŠphane Tondu-Tsuya,70 rue Aristide Maillol,0870721002,3058d6f39389dde8bafab271d60153c8,31100,sutotsu@gmail.com,NULL,<blank>
<blank>,<blank>,<blank>,Philippe AUDINOT,<blank>,<blank>,5478bbf7a5f8096665ba686ee0698b09,92160,DOINAUT@FREE.FR,NULL,<blank>
<blank>,<blank>,<blank>,joelle gopaul,<blank>,<blank>,e5b1e908b3db213565113e89dbff82a6,69003,siro_zanana@yahoo.fr,NULL,<blank>
<blank>,<blank>,paris,hounayda AJEM,8 rue sarrette,<blank>,06e2e91ba9b21f74f4b2106a4875167c,75014,ahounayda@yahoo.fr,NULL,<blank>
<blank>,<blank>,PAU,Anthony,29 rue Aristide Briand,0612321001,21e8cadba9839cd22bc29597866632e3,64000,Fujinn@msn.com,NULL,<blank>
<blank>,<blank>,TOULOUSE,Vanessa perrochon,22 RUE GABRIEL PERI,0561996950,00905cf9f543529ab6b87305548170c3,31000,vaneperrochon@hotmail.com,NULL,<blank>
<blank>,<blank>,pessac,Nanou Gilmer,19 rue de Flandre,0557892607,cff00c3113548977ca445c6d434f9b50,33600,jc.baromes@wanadoo.fr,NULL,<blank>
<blank>,<blank>,paris,"angeniol, marva",59 rue de rochechouart,01 40 23 0,833771fc6dff208a9ab8e23ec37a563d,75009,marvabunsie@angeniol.com,NULL,<blank>
<blank>,<blank>,CHARBONNIERES LES BAINS,Yoann MATHY,24 avenue Charles de Gaulle,0680641229,7463b308483d3c313dda9ba65778e1de,69260,yoannmathy@hotmail.com,NULL,<blank>
<blank>,<blank>,lay st christophe,leplomb,25 chemin de voivre,<blank>,2ad555b4a55ded28e3f766a85a863643,54690,t.leplomb@libertysurf.fr,NULL,<blank>
<blank>,<blank>,STRASBOURG,AurĂŠlien TAUFFREUND,<blank>,0667039636,45f6c1c36870c469072a28d7554cf5b1,67000,aurelien67@free.fr,NULL,<blank>
COME,<blank>,nancy,Zineb,17 rue St Dizier BĂ˘t A,0623849428,b6df8597026bc027d9cb693ac50ec2c8,54000,zineb.fakhy@t3r.fr,<blank>,<blank>
SCHMIDT,<blank>,haguenau,Genevieve,64a route de strasbourg,<blank>,7dea34e0f09836bc8f7a4ee07fd96dd9,67500,genevieve_schmidt@hotmail.com,<blank>,<blank>
verneyre,<blank>,Schiltigheim,laurent,01 rue lĂŠon ungemach,<blank>,0f7f0d834e61220c36efe9b4bf9c68e4,67300,laurent.verneyre@wanadoo.fr,<blank>,<blank>
<blank>,<blank>,le ban st martin,BOLINA,6 rue de la marne,0387326771,d9371d67c13fc00b15bd30d201e3af02,57050,bolina.lionel@wanadoo.fr,NULL,<blank>
mafi,<blank>,paris,nader,61 rue jean-baptiste pigalle,0682668500,d813bdfd3bdd9e45ffa59a57f776b5af,75009,nader.mafi@gmail.com,<blank>,<blank>
<blank>,<blank>,<blank>,daniel/molard,<blank>,<blank>,412236b95106a621f657e8fc2c34615f,54000,molard.d@infonie.fr,NULL,<blank>
<blank>,<blank>,<blank>,Ben,<blank>,<blank>,c63b7ad0362b7bb9099dae34c548eab8,92400,benjaminthebaud@yahoo.com,NULL,<blank>
<blank>,<blank>,VINCENNES,Sandrine/ROS,11 rue du commandant mowat,0148087790,bd734f43fecbc62dc12307a214d4db3c,94300,samcow@free.fr,NULL,<blank>
<blank>,<blank>,REIMS,Teddy,<blank>,<blank>,d71a908630c5c7627718b8547f99738c,51100,T-mac10@wanadoo.fr,NULL,<blank>
<blank>,<blank>,POITIERS,SABRINA FLORENT,3 rue ĂŠdouard grimaux,0549478187,f570e0752813078fe4d50e392403ed7e,86000,maora@wanadoo.fr,NULL,<blank>
<blank>,<blank>,VITRY SUR SEINE,Marc LE MOIGNE,32 rue de la SolidaritĂŠ,0146709345,148976a1ee98cd2cc9ec5924ef3d18a7,94400,marcozebest@free.fr,NULL,<blank>
<blank>,<blank>,lyon,clement fesquet,11bis rue henri pensier,0478751388,7b43e7a7dd10a1ff7027e281314b6156,69008,pub@creatips.net,NULL,<blank>
<blank>,<blank>,ris-orangis,benjamin piffeteau,7 rĂŠs de la theuillerie,01 69 25 9,f8384920ad666dc71c8c195878f722c4,91130,zland@free.fr,NULL,<blank>
<blank>,<blank>,DIJON,Younous/PORENTRU,11 rue Adolphe DiĂŠtrich,03.80.56.5,988a6ee5c251d7ee87dfae28551b1592,21000,porentru.y@free.fr,NULL,<blank>
Le Bars,<blank>,Rennes,Guillaume,3 rue Perrin de la Touche,0686121642,158180d0aad7d1bcea398da2ed4c4962,35000,guillaume.lebars@free.fr,0686121642,<blank>
<blank>,<blank>,PARIS,NICOLAS CONTASSOT,4 RUE DE LYON,<blank>,8c9bf4c0832cdd1e4721bc9fe5948502,75012,CONTASSOTN@HOTMAIL.COM,NULL,<blank>
<blank>,<blank>,VILLEURBANNE,PATRICK RAHARISON,29 RUE LOUIS GUERIN,<blank>,e56d46bcb0d023f173fdb1179403714b,69100,raharison@neuf.fr,NULL,<blank>
<blank>,<blank>,colmar,marie mure,16 rue de la forge,0389803233,a8d9313b33ef7c24a3e49ab4fbc19246,68000,rosa_lyne@yahoo.fr,NULL,<blank>
Picot ,<blank>,Montpellier,SĂŠbastien,41 Rue de l'Amandier,0607917323,1f9c0f8dc6a6307cfb4cc390fe073e67,34000,jimmyslitter@hotmail.com,<blank>,<blank>
<blank>,<blank>,<blank>,hassan bouziane,<blank>,<blank>,eb804bd55888ec3b6dde258f57e588ae,92130,hashbey@hotmail.com,NULL,<blank>
<blank>,<blank>,aix en provence,samy tirouvanziam,12 avenue des belges apprt 83,0870603313,fa721ad0f943dfb847f80275358238b2,13100,samytir@free.fr,NULL,<blank>
<blank>,<blank>,<blank>,legue vanessa,<blank>,<blank>,3c0ed69ed5f9dc727cdd3e133c221db1,78170,vanessalcsc@tiscali.fr,NULL,<blank>
<blank>,<blank>,strasbourg,rosa cucchiara,38 rue d'ypres,0668790461,350cddf870dd53e5dd972a59c1a468cb,67000,rcucchiara@noos.fr,NULL,<blank>
scheltienne,<blank>,<blank>,didier,"20, rue Balzac",<blank>,60638c314e9457830c708aa0fd164fb0,92600,didschel@yahoo.fr,<blank>,<blank>
<blank>,<blank>,cergy,jessica munier,6 rue du ponceau,<blank>,01f44417be269ef909a1c7d608d93405,95000,jess2212@free.fr,NULL,<blank>
<blank>,<blank>,seynod,boulay corinne,"5, avenue de barral",0450517949,8468cb3ecd1764ff5e7f65da05e5bc92,74600,boulay@soleil.org,NULL,<blank>
<blank>,<blank>,paris,bedin patricia,"64,rue de la condamine",<blank>,8666f6e0924cbee2a18c13aa1561f611,75017,crystale@noos.fr,NULL,<blank>
<blank>,<blank>,<blank>,Bailly,<blank>,<blank>,21eff3e37cf2a1f223cbc553d3902f63,75015,anne-fred@club-internet.fr,NULL,<blank>
<blank>,<blank>,montpellier,CĂŠcile MORIN,375 allĂŠe du nouveau monde bat port cartier I,<blank>,2cfd4ff05ea84a06f4aa06ed6618b43e,34000,cilicissou@yahoo.fr,NULL,<blank>
<blank>,<blank>,Lyon,Melisa Clark,43 rue MoliĂ\xa8re,<blank>,ece8fbc20c66dea32477d4f4ad33d569,69006,lil_g_real@yahoo.com,NULL,<blank>
<blank>,<blank>,SURESNES,Sylvain GROUGEARD,65 Ter rue Gambetta,0610022642,673cf7c8051385f68bef282dea1e325a,92150,syl_v1@club-internet.fr,NULL,<blank>
5,<blank>,MONTPELLIER,Audrey ANNICETTE,24 rue meyrueis,06 61 52 9,4f3d0989743daf918d6d7d26f6821ecc,34000,talia971@hotmail.com,<blank>,<blank>
<blank>,<blank>,paris,moulin,43 rue des peupliers,06 19 21 6,95e668738ced350575e0ceacaace31b0,75013,thierrymoulin528@hotmail.com,NULL,<blank>
<blank>,<blank>,<blank>,Emmanuel GIUDICI,<blank>,<blank>,c2459487fedee3393ea37565adb6c067,75015,emmanuel.giudici@oreka.com,NULL,<blank>
<blank>,<blank>,<blank>,fabrice,<blank>,<blank>,abe404dff829f22b98d7f01c64038f79,94130,fabrice.levy7@wanadoo.fr,NULL,<blank>
<blank>,<blank>,Lyon,GrĂŠgoire THIERRY,12 rue Jarente,0478383476,5eaaed975d445d1f4de03ea1bf67e7c8,69002,agentsnogger@hotmail.com,NULL,<blank>
<blank>,<blank>,Strasbourg,FEKIH-SLIMANE Karim,85 place Buchner,0673350621,b4766260dca767354d16e7a962b1c104,67200,k.fekih@wanadoo.fr,NULL,<blank>
<blank>,<blank>,<blank>,Mouna Abbana Bennani,<blank>,<blank>,39a993b8414ebad8bf4babe02103d9db,31300,Mouna.AbbanaBennani@ensiacet.fr,NULL,<blank>
<blank>,<blank>,<blank>,CĂŠdric Saussez,<blank>,<blank>,7326a8854faea389aacd2345c954e619,7370,cedricsaussez@hotmail.com,NULL,<blank>
